Matrikelnummer,Vorname,Nachname,E-Mail,Geschlecht,Year,Haus
421000,Beige,Angelfish,beige.angelfish@hex.uni-hogwarts.com,männlich,7,Ravenclaw
421002,Plum,Wombat,plum.wombat@hex.uni-hogwarts.com,weiblich,2,Ravenclaw
421003,Green,Mite,green.mite@hex.uni-hogwarts.com,männlich,4,Hufflepuff
421004,Blush,Asp,blush.asp@hex.uni-hogwarts.com,männlich,4,Hufflepuff
421006,Copper,Chameleon,copper.chameleon@hex.uni-hogwarts.com,weiblich,2,Ravenclaw
421007,Coffee,Echidna,coffee.echidna@hex.uni-hogwarts.com,männlich,5,Hufflepuff
421008,Emerald,Walrus,emerald.walrus@hex.uni-hogwarts.com,männlich,2,Slytherin
421009,Indigo,Fly,indigo.fly@hex.uni-hogwarts.com,männlich,4,Gryffindor
421010,Tan,Mockingbird,tan.mockingbird@hex.uni-hogwarts.com,weiblich,3,Gryffindor
421011,Jade,Amphibian,jade.amphibian@hex.uni-hogwarts.com,weiblich,2,Slytherin
421012,Blush,Goldfish,blush.goldfish@hex.uni-hogwarts.com,männlich,3,Gryffindor
421013,Green,Halibut,green.halibut@hex.uni-hogwarts.com,männlich,2,Gryffindor
421014,Gold,Xerinae,gold.xerinae@hex.uni-hogwarts.com,männlich,2,Gryffindor
421016,Tomato,Viper,tomato.viper@hex.uni-hogwarts.com,männlich,3,Hufflepuff
421017,Coffee,Pony,coffee.pony@hex.uni-hogwarts.com,männlich,3,Gryffindor
421019,Olive,Wildcat,olive.wildcat@hex.uni-hogwarts.com,männlich,3,Slytherin
421021,Amethyst,Hare,amethyst.hare@hex.uni-hogwarts.com,weiblich,2,Gryffindor
421022,Harlequin,Pinniped,harlequin.pinniped@hex.uni-hogwarts.com,weiblich,3,Ravenclaw
421023,Turquoise,Tiger,turquoise.tiger@hex.uni-hogwarts.com,männlich,6,Slytherin
421024,Black,Swan,black.swan@hex.uni-hogwarts.com,männlich,4,Slytherin
421025,Green,Otter,green.otter@hex.uni-hogwarts.com,weiblich,3,Slytherin
421027,Teal,Goldfish,teal.goldfish@hex.uni-hogwarts.com,männlich,7,Slytherin
421028,Azure,Toad,azure.toad@hex.uni-hogwarts.com,männlich,5,Slytherin
421029,Lime,Crow,lime.crow@hex.uni-hogwarts.com,männlich,3,Ravenclaw
421031,Emerald,Flyingfish,emerald.flyingfish@hex.uni-hogwarts.com,weiblich,5,Slytherin
421032,Jade,Rodent,jade.rodent@hex.uni-hogwarts.com,weiblich,5,Slytherin
421035,Green,Piranha,green.piranha@hex.uni-hogwarts.com,männlich,2,Ravenclaw
421037,Coral,Pike,coral.pike@hex.uni-hogwarts.com,männlich,2,Hufflepuff
421039,Pink,Swallow,pink.swallow@hex.uni-hogwarts.com,männlich,4,Gryffindor
421040,Red,Tahr,red.tahr@hex.uni-hogwarts.com,weiblich,2,Ravenclaw
421041,Coffee,Ferret,coffee.ferret@hex.uni-hogwarts.com,männlich,4,Ravenclaw
421042,Black,Otter,black.otter@hex.uni-hogwarts.com,männlich,2,Hufflepuff
421043,Brown,Hippopotamus,brown.hippopotamus@hex.uni-hogwarts.com,männlich,2,Ravenclaw
421044,Black,Cephalopod,black.cephalopod@hex.uni-hogwarts.com,weiblich,5,Gryffindor
421045,Yellow,Wombat,yellow.wombat@hex.uni-hogwarts.com,männlich,7,Ravenclaw
421047,Apricot,Koala,apricot.koala@hex.uni-hogwarts.com,weiblich,7,Slytherin
421049,Emerald,Reptile,emerald.reptile@hex.uni-hogwarts.com,männlich,4,Hufflepuff
421050,Aqua,Quail,aqua.quail@hex.uni-hogwarts.com,männlich,5,Ravenclaw
421051,Blush,Meadowlark,blush.meadowlark@hex.uni-hogwarts.com,weiblich,4,Ravenclaw
421052,Plum,Emu,plum.emu@hex.uni-hogwarts.com,männlich,4,Gryffindor
421053,Copper,Goose,copper.goose@hex.uni-hogwarts.com,männlich,3,Hufflepuff
421054,Moccasin,Butterfly,moccasin.butterfly@hex.uni-hogwarts.com,männlich,2,Hufflepuff
421055,Aquamarine,Ox,aquamarine.ox@hex.uni-hogwarts.com,männlich,6,Slytherin
421056,Teal,Silverfish,teal.silverfish@hex.uni-hogwarts.com,männlich,3,Gryffindor
421057,Salmon,Ox,salmon.ox@hex.uni-hogwarts.com,weiblich,7,Slytherin
421059,Fuchsia,Crane,fuchsia.crane@hex.uni-hogwarts.com,männlich,3,Hufflepuff
421060,Yellow,Cat,yellow.cat@hex.uni-hogwarts.com,männlich,5,Slytherin
421061,Purple,Swallow,purple.swallow@hex.uni-hogwarts.com,weiblich,4,Ravenclaw
421062,Beige,Leopon,beige.leopon@hex.uni-hogwarts.com,männlich,5,Hufflepuff
421063,Pink,Parrot,pink.parrot@hex.uni-hogwarts.com,weiblich,4,Hufflepuff
421064,Tan,Manatee,tan.manatee@hex.uni-hogwarts.com,männlich,4,Ravenclaw
421065,Amethyst,Landfowl,amethyst.landfowl@hex.uni-hogwarts.com,männlich,3,Gryffindor
421066,Amber,Bee,amber.bee@hex.uni-hogwarts.com,weiblich,4,Slytherin
421068,Harlequin,Blackbird,harlequin.blackbird@hex.uni-hogwarts.com,männlich,5,Ravenclaw
421069,Aqua,Boar,aqua.boar@hex.uni-hogwarts.com,männlich,2,Gryffindor
421070,Gold,Parakeet,gold.parakeet@hex.uni-hogwarts.com,männlich,5,Gryffindor
421071,Bronze,Coyote,bronze.coyote@hex.uni-hogwarts.com,männlich,6,Slytherin
421072,Lime,Mammal,lime.mammal@hex.uni-hogwarts.com,männlich,6,Ravenclaw
421073,Black,Earthworm,black.earthworm@hex.uni-hogwarts.com,männlich,5,Gryffindor
421075,Olive,Egret,olive.egret@hex.uni-hogwarts.com,männlich,2,Slytherin
421076,Turquoise,Felidae,turquoise.felidae@hex.uni-hogwarts.com,männlich,2,Hufflepuff
421078,Gray,Wolf,gray.wolf@hex.uni-hogwarts.com,weiblich,5,Ravenclaw
421079,Chocolate,Armadillo,chocolate.armadillo@hex.uni-hogwarts.com,männlich,5,Slytherin
421080,Aqua,Clownfish,aqua.clownfish@hex.uni-hogwarts.com,männlich,4,Hufflepuff
421081,Lavender,Goldfish,lavender.goldfish@hex.uni-hogwarts.com,weiblich,2,Gryffindor
421082,Gray,Muskox,gray.muskox@hex.uni-hogwarts.com,männlich,5,Ravenclaw
421083,Amber,Spoonbill,amber.spoonbill@hex.uni-hogwarts.com,weiblich,5,Gryffindor
421084,Red,Centipede,red.centipede@hex.uni-hogwarts.com,männlich,3,Slytherin
421085,Olive,Walrus,olive.walrus@hex.uni-hogwarts.com,männlich,2,Slytherin
421086,Jade,Gull,jade.gull@hex.uni-hogwarts.com,männlich,3,Ravenclaw
421087,Silver,Aphid,silver.aphid@hex.uni-hogwarts.com,männlich,2,Hufflepuff
421089,Violet,Fox,violet.fox@hex.uni-hogwarts.com,weiblich,6,Hufflepuff
421092,Turquoise,Earthworm,turquoise.earthworm@hex.uni-hogwarts.com,männlich,4,Hufflepuff
421093,Scarlet,Mink,scarlet.mink@hex.uni-hogwarts.com,männlich,6,Gryffindor
421094,Aqua,Mouse,aqua.mouse@hex.uni-hogwarts.com,männlich,5,Ravenclaw
421095,Sapphire,Wolf,sapphire.wolf@hex.uni-hogwarts.com,männlich,5,Hufflepuff
421096,Amaranth,Chinchilla,amaranth.chinchilla@hex.uni-hogwarts.com,männlich,4,Slytherin
421097,White,Swift,white.swift@hex.uni-hogwarts.com,weiblich,2,Hufflepuff
421099,Maroon,Rabbit,maroon.rabbit@hex.uni-hogwarts.com,männlich,4,Ravenclaw
421100,Tomato,Worm,tomato.worm@hex.uni-hogwarts.com,männlich,4,Ravenclaw
421101,Lavender,Quokka,lavender.quokka@hex.uni-hogwarts.com,männlich,4,Hufflepuff
421102,Pink,Jaguar,pink.jaguar@hex.uni-hogwarts.com,männlich,7,Ravenclaw
421103,Magenta,Koala,magenta.koala@hex.uni-hogwarts.com,männlich,5,Slytherin
421104,Tomato,Anglerfish,tomato.anglerfish@hex.uni-hogwarts.com,weiblich,6,Slytherin
421105,Moccasin,Roundworm,moccasin.roundworm@hex.uni-hogwarts.com,männlich,4,Hufflepuff
421106,Amethyst,Quail,amethyst.quail@hex.uni-hogwarts.com,weiblich,6,Ravenclaw
421107,Teal,Gull,teal.gull@hex.uni-hogwarts.com,weiblich,6,Slytherin
421110,Ivory,Wildfowl,ivory.wildfowl@hex.uni-hogwarts.com,weiblich,7,Hufflepuff
421111,Apricot,Magpie,apricot.magpie@hex.uni-hogwarts.com,männlich,2,Ravenclaw
421112,Harlequin,Bovid,harlequin.bovid@hex.uni-hogwarts.com,männlich,4,Ravenclaw
421113,Coral,Falcon,coral.falcon@hex.uni-hogwarts.com,weiblich,3,Ravenclaw
421114,Ivory,Swordfish,ivory.swordfish@hex.uni-hogwarts.com,weiblich,3,Slytherin
421115,Lavender,Skink,lavender.skink@hex.uni-hogwarts.com,männlich,3,Hufflepuff
421116,Green,Hookworm,green.hookworm@hex.uni-hogwarts.com,weiblich,3,Ravenclaw
421117,Moccasin,Cricket,moccasin.cricket@hex.uni-hogwarts.com,weiblich,2,Slytherin
421118,Apricot,Coral,apricot.coral@hex.uni-hogwarts.com,weiblich,2,Slytherin
421119,Harlequin,Loon,harlequin.loon@hex.uni-hogwarts.com,männlich,3,Slytherin
421120,Yellow,Newt,yellow.newt@hex.uni-hogwarts.com,weiblich,5,Hufflepuff
421121,Coral,Ox,coral.ox@hex.uni-hogwarts.com,männlich,4,Slytherin
421122,Silver,Goat,silver.goat@hex.uni-hogwarts.com,weiblich,2,Slytherin
421123,Amaranth,Fly,amaranth.fly@hex.uni-hogwarts.com,männlich,3,Hufflepuff
421124,Pink,Narwhal,pink.narwhal@hex.uni-hogwarts.com,männlich,2,Slytherin
421125,Gray,Antelope,gray.antelope@hex.uni-hogwarts.com,männlich,4,Hufflepuff
421126,Turquoise,Tern,turquoise.tern@hex.uni-hogwarts.com,weiblich,3,Hufflepuff
421128,Magenta,Crocodile,magenta.crocodile@hex.uni-hogwarts.com,männlich,4,Hufflepuff
421131,Chocolate,Guineafowl,chocolate.guineafowl@hex.uni-hogwarts.com,männlich,7,Gryffindor
421133,Olive,Armadillo,olive.armadillo@hex.uni-hogwarts.com,männlich,6,Slytherin
421134,Gold,Peacock,gold.peacock@hex.uni-hogwarts.com,männlich,2,Hufflepuff
421135,Scarlet,Whitefish,scarlet.whitefish@hex.uni-hogwarts.com,männlich,4,Gryffindor
421136,Emerald,Dog,emerald.dog@hex.uni-hogwarts.com,weiblich,2,Gryffindor
421137,Violet,Duck,violet.duck@hex.uni-hogwarts.com,weiblich,2,Gryffindor
421138,Blush,Bass,blush.bass@hex.uni-hogwarts.com,männlich,6,Hufflepuff
421139,Purple,Ox,purple.ox@hex.uni-hogwarts.com,männlich,6,Gryffindor
421140,Magenta,Anaconda,magenta.anaconda@hex.uni-hogwarts.com,männlich,5,Hufflepuff
421142,Plum,Starfish,plum.starfish@hex.uni-hogwarts.com,weiblich,6,Gryffindor
421143,White,Squirrel,white.squirrel@hex.uni-hogwarts.com,weiblich,5,Ravenclaw
421144,Cyan,Smelt,cyan.smelt@hex.uni-hogwarts.com,weiblich,4,Ravenclaw
421145,Amethyst,Tern,amethyst.tern@hex.uni-hogwarts.com,weiblich,2,Ravenclaw
421146,Salmon,Koi,salmon.koi@hex.uni-hogwarts.com,männlich,3,Ravenclaw
421147,Scarlet,Bird,scarlet.bird@hex.uni-hogwarts.com,männlich,5,Ravenclaw
421148,Copper,Koi,copper.koi@hex.uni-hogwarts.com,weiblich,2,Hufflepuff
421149,Jade,Crane,jade.crane@hex.uni-hogwarts.com,weiblich,7,Slytherin
421151,Harlequin,Guanaco,harlequin.guanaco@hex.uni-hogwarts.com,weiblich,3,Hufflepuff
421152,Blue,Sole,blue.sole@hex.uni-hogwarts.com,weiblich,4,Slytherin
421154,Silver,Rat,silver.rat@hex.uni-hogwarts.com,männlich,4,Gryffindor
421155,Coral,Limpet,coral.limpet@hex.uni-hogwarts.com,weiblich,5,Slytherin
421156,Violet,Thrush,violet.thrush@hex.uni-hogwarts.com,männlich,3,Slytherin
421157,Indigo,Wolverine,indigo.wolverine@hex.uni-hogwarts.com,männlich,3,Gryffindor
421158,Beige,Muskox,beige.muskox@hex.uni-hogwarts.com,weiblich,2,Slytherin
421159,Blush,Lark,blush.lark@hex.uni-hogwarts.com,männlich,3,Gryffindor
421160,Rose,Coral,rose.coral@hex.uni-hogwarts.com,weiblich,3,Ravenclaw
421162,Aquamarine,Cuckoo,aquamarine.cuckoo@hex.uni-hogwarts.com,männlich,4,Hufflepuff
421163,Scarlet,Wildebeest,scarlet.wildebeest@hex.uni-hogwarts.com,weiblich,5,Ravenclaw
421164,Peach,Leopon,peach.leopon@hex.uni-hogwarts.com,männlich,4,Ravenclaw
421166,Brown,Gopher,brown.gopher@hex.uni-hogwarts.com,männlich,3,Gryffindor
421167,Tomato,Rabbit,tomato.rabbit@hex.uni-hogwarts.com,männlich,5,Gryffindor
421168,Sapphire,Takin,sapphire.takin@hex.uni-hogwarts.com,weiblich,4,Slytherin
421170,Coral,Cow,coral.cow@hex.uni-hogwarts.com,männlich,2,Ravenclaw
421171,Plum,Amphibian,plum.amphibian@hex.uni-hogwarts.com,männlich,6,Hufflepuff
421172,Amaranth,Earthworm,amaranth.earthworm@hex.uni-hogwarts.com,männlich,5,Gryffindor
421173,Amethyst,Tahr,amethyst.tahr@hex.uni-hogwarts.com,weiblich,2,Ravenclaw
421174,Orange,Crow,orange.crow@hex.uni-hogwarts.com,männlich,2,Gryffindor
421176,Coral,Barracuda,coral.barracuda@hex.uni-hogwarts.com,männlich,4,Hufflepuff
421177,Magenta,Primate,magenta.primate@hex.uni-hogwarts.com,männlich,2,Hufflepuff
421178,Magenta,Sole,magenta.sole@hex.uni-hogwarts.com,weiblich,4,Hufflepuff
421179,Red,Herring,red.herring@hex.uni-hogwarts.com,weiblich,3,Hufflepuff
421180,Orange,Canidae,orange.canidae@hex.uni-hogwarts.com,männlich,3,Gryffindor
421181,Lavender,Coral,lavender.coral@hex.uni-hogwarts.com,weiblich,2,Ravenclaw
421182,Peach,Jackal,peach.jackal@hex.uni-hogwarts.com,weiblich,5,Hufflepuff
421183,Gray,Chickadee,gray.chickadee@hex.uni-hogwarts.com,männlich,4,Hufflepuff
421184,Violet,Sawfish,violet.sawfish@hex.uni-hogwarts.com,weiblich,2,Hufflepuff
421185,Bronze,Carp,bronze.carp@hex.uni-hogwarts.com,männlich,2,Gryffindor
421186,Moccasin,Bovid,moccasin.bovid@hex.uni-hogwarts.com,männlich,3,Ravenclaw
421187,Black,Tahr,black.tahr@hex.uni-hogwarts.com,weiblich,5,Hufflepuff
421188,Rose,Marten,rose.marten@hex.uni-hogwarts.com,weiblich,3,Slytherin
421189,Yellow,Spoonbill,yellow.spoonbill@hex.uni-hogwarts.com,weiblich,6,Hufflepuff
421190,Amethyst,Gull,amethyst.gull@hex.uni-hogwarts.com,männlich,4,Ravenclaw
421191,Sapphire,Catshark,sapphire.catshark@hex.uni-hogwarts.com,männlich,6,Gryffindor
421192,Lime,Cattle,lime.cattle@hex.uni-hogwarts.com,männlich,3,Ravenclaw
421193,Apricot,Fox,apricot.fox@hex.uni-hogwarts.com,weiblich,4,Hufflepuff
421195,Beige,Tyrannosaurus,beige.tyrannosaurus@hex.uni-hogwarts.com,weiblich,2,Gryffindor
421196,Yellow,Platypus,yellow.platypus@hex.uni-hogwarts.com,weiblich,5,Ravenclaw
421197,Azure,Warbler,azure.warbler@hex.uni-hogwarts.com,weiblich,3,Slytherin
421199,Gold,Walrus,gold.walrus@hex.uni-hogwarts.com,männlich,6,Gryffindor
421200,Purple,Quokka,purple.quokka@hex.uni-hogwarts.com,männlich,2,Ravenclaw
421201,Pink,Possum,pink.possum@hex.uni-hogwarts.com,männlich,5,Ravenclaw
421202,Amber,Cobra,amber.cobra@hex.uni-hogwarts.com,männlich,5,Hufflepuff
421203,Magenta,Caribou,magenta.caribou@hex.uni-hogwarts.com,weiblich,4,Gryffindor
421204,Jade,Leech,jade.leech@hex.uni-hogwarts.com,männlich,4,Ravenclaw
421205,Fuchsia,Marlin,fuchsia.marlin@hex.uni-hogwarts.com,weiblich,7,Ravenclaw
421206,Magenta,Cricket,magenta.cricket@hex.uni-hogwarts.com,weiblich,4,Ravenclaw
421207,Bronze,Wallaby,bronze.wallaby@hex.uni-hogwarts.com,männlich,3,Slytherin
421208,Copper,Wallaby,copper.wallaby@hex.uni-hogwarts.com,männlich,2,Slytherin
421210,Amaranth,Flamingo,amaranth.flamingo@hex.uni-hogwarts.com,männlich,3,Ravenclaw
421211,Teal,Blackbird,teal.blackbird@hex.uni-hogwarts.com,weiblich,2,Hufflepuff
421212,Coffee,Lemur,coffee.lemur@hex.uni-hogwarts.com,männlich,3,Ravenclaw
421214,Red,Catfish,red.catfish@hex.uni-hogwarts.com,männlich,2,Ravenclaw
421215,Coffee,Termite,coffee.termite@hex.uni-hogwarts.com,weiblich,5,Gryffindor
421216,Purple,Dragon,purple.dragon@hex.uni-hogwarts.com,weiblich,3,Gryffindor
421217,Teal,Sturgeon,teal.sturgeon@hex.uni-hogwarts.com,weiblich,2,Ravenclaw
421218,Green,Gazelle,green.gazelle@hex.uni-hogwarts.com,weiblich,7,Slytherin
421219,Plum,Moth,plum.moth@hex.uni-hogwarts.com,weiblich,4,Slytherin
421220,Rose,Ostrich,rose.ostrich@hex.uni-hogwarts.com,männlich,3,Gryffindor
421221,Silver,Falcon,silver.falcon@hex.uni-hogwarts.com,weiblich,3,Ravenclaw
421222,Apricot,Hawk,apricot.hawk@hex.uni-hogwarts.com,weiblich,4,Gryffindor
421223,Tan,Badger,tan.badger@hex.uni-hogwarts.com,männlich,5,Hufflepuff
421224,Crimson,Chipmunk,crimson.chipmunk@hex.uni-hogwarts.com,weiblich,7,Slytherin
421225,Pink,Marlin,pink.marlin@hex.uni-hogwarts.com,männlich,7,Gryffindor
421226,Sapphire,Lion,sapphire.lion@hex.uni-hogwarts.com,weiblich,3,Gryffindor
421227,Tomato,Ferret,tomato.ferret@hex.uni-hogwarts.com,männlich,3,Hufflepuff
421228,White,Reptile,white.reptile@hex.uni-hogwarts.com,männlich,5,Gryffindor
421229,Aquamarine,Earwig,aquamarine.earwig@hex.uni-hogwarts.com,männlich,6,Gryffindor
421230,Peach,Silverfish,peach.silverfish@hex.uni-hogwarts.com,männlich,3,Gryffindor
421231,Jade,Guineafowl,jade.guineafowl@hex.uni-hogwarts.com,männlich,2,Ravenclaw
421233,Magenta,Dolphin,magenta.dolphin@hex.uni-hogwarts.com,weiblich,4,Hufflepuff
421234,Apricot,Tiger,apricot.tiger@hex.uni-hogwarts.com,weiblich,5,Slytherin
421235,Salmon,Frog,salmon.frog@hex.uni-hogwarts.com,weiblich,2,Gryffindor
421236,Coral,Capybara,coral.capybara@hex.uni-hogwarts.com,männlich,2,Hufflepuff
421237,Scarlet,Python,scarlet.python@hex.uni-hogwarts.com,weiblich,7,Ravenclaw
421238,Gray,Swift,gray.swift@hex.uni-hogwarts.com,männlich,2,Ravenclaw
421239,Magenta,Flea,magenta.flea@hex.uni-hogwarts.com,weiblich,6,Slytherin
421240,Lavender,Emu,lavender.emu@hex.uni-hogwarts.com,männlich,6,Gryffindor
421241,Red,Crawdad,red.crawdad@hex.uni-hogwarts.com,männlich,3,Slytherin
421242,Sapphire,Loon,sapphire.loon@hex.uni-hogwarts.com,männlich,5,Ravenclaw
421244,Brown,Reptile,brown.reptile@hex.uni-hogwarts.com,weiblich,2,Slytherin
421245,Emerald,Earwig,emerald.earwig@hex.uni-hogwarts.com,weiblich,2,Slytherin
421246,Fuchsia,Wildcat,fuchsia.wildcat@hex.uni-hogwarts.com,männlich,4,Ravenclaw
421247,Teal,Gayal,teal.gayal@hex.uni-hogwarts.com,männlich,4,Ravenclaw
421248,Emerald,Caterpillar,emerald.caterpillar@hex.uni-hogwarts.com,männlich,4,Hufflepuff
421249,Maroon,Tapir,maroon.tapir@hex.uni-hogwarts.com,weiblich,4,Gryffindor
421250,Aquamarine,Beaver,aquamarine.beaver@hex.uni-hogwarts.com,männlich,2,Slytherin
421251,Aquamarine,Porpoise,aquamarine.porpoise@hex.uni-hogwarts.com,männlich,3,Slytherin
421252,Gray,Lemur,gray.lemur@hex.uni-hogwarts.com,weiblich,3,Ravenclaw
421255,Turquoise,Caterpillar,turquoise.caterpillar@hex.uni-hogwarts.com,weiblich,5,Ravenclaw
421256,Moccasin,Ferret,moccasin.ferret@hex.uni-hogwarts.com,männlich,4,Gryffindor
421258,Pink,Crow,pink.crow@hex.uni-hogwarts.com,weiblich,3,Hufflepuff
421259,Purple,Elephant,purple.elephant@hex.uni-hogwarts.com,weiblich,2,Hufflepuff
421260,Amethyst,Mollusk,amethyst.mollusk@hex.uni-hogwarts.com,männlich,7,Slytherin
421261,Aquamarine,Snipe,aquamarine.snipe@hex.uni-hogwarts.com,männlich,3,Ravenclaw
421264,Silver,Vole,silver.vole@hex.uni-hogwarts.com,weiblich,2,Gryffindor
421265,Moccasin,Crow,moccasin.crow@hex.uni-hogwarts.com,männlich,3,Ravenclaw
421266,Indigo,Woodpecker,indigo.woodpecker@hex.uni-hogwarts.com,männlich,6,Hufflepuff
421267,Aqua,Rook,aqua.rook@hex.uni-hogwarts.com,männlich,6,Slytherin
421268,Amber,Marten,amber.marten@hex.uni-hogwarts.com,männlich,3,Gryffindor
421269,Orange,Lark,orange.lark@hex.uni-hogwarts.com,weiblich,4,Slytherin
421270,Harlequin,Bass,harlequin.bass@hex.uni-hogwarts.com,weiblich,4,Gryffindor
421271,Black,Hyena,black.hyena@hex.uni-hogwarts.com,männlich,5,Hufflepuff
421273,Amethyst,Lemming,amethyst.lemming@hex.uni-hogwarts.com,männlich,4,Ravenclaw
421274,Turquoise,Koi,turquoise.koi@hex.uni-hogwarts.com,männlich,3,Hufflepuff
421275,Tan,Bonobo,tan.bonobo@hex.uni-hogwarts.com,weiblich,4,Ravenclaw
421277,Red,Leopon,red.leopon@hex.uni-hogwarts.com,männlich,7,Gryffindor
421279,Blue,Yak,blue.yak@hex.uni-hogwarts.com,männlich,3,Slytherin
421280,Coffee,Walrus,coffee.walrus@hex.uni-hogwarts.com,weiblich,4,Gryffindor
421281,Aquamarine,Panther,aquamarine.panther@hex.uni-hogwarts.com,weiblich,6,Gryffindor
421282,Jade,Spider,jade.spider@hex.uni-hogwarts.com,weiblich,6,Slytherin
421283,Orange,Perch,orange.perch@hex.uni-hogwarts.com,weiblich,7,Ravenclaw
421284,Blush,Cephalopod,blush.cephalopod@hex.uni-hogwarts.com,männlich,4,Gryffindor
421285,Coffee,Newt,coffee.newt@hex.uni-hogwarts.com,männlich,5,Ravenclaw
421286,Turquoise,Marten,turquoise.marten@hex.uni-hogwarts.com,weiblich,3,Hufflepuff
421287,Silver,Camel,silver.camel@hex.uni-hogwarts.com,männlich,6,Slytherin
421289,Copper,Constrictor,copper.constrictor@hex.uni-hogwarts.com,weiblich,2,Gryffindor
421290,Chocolate,Viper,chocolate.viper@hex.uni-hogwarts.com,weiblich,3,Hufflepuff
421291,Plum,Vole,plum.vole@hex.uni-hogwarts.com,männlich,3,Hufflepuff
421292,Gray,Platypus,gray.platypus@hex.uni-hogwarts.com,männlich,7,Slytherin
421294,Magenta,Sturgeon,magenta.sturgeon@hex.uni-hogwarts.com,weiblich,6,Ravenclaw
421295,Violet,Tarantula,violet.tarantula@hex.uni-hogwarts.com,männlich,4,Ravenclaw
421296,Red,Hornet,red.hornet@hex.uni-hogwarts.com,männlich,3,Hufflepuff
421298,Brown,Tarantula,brown.tarantula@hex.uni-hogwarts.com,männlich,7,Hufflepuff
421299,Blue,Koi,blue.koi@hex.uni-hogwarts.com,männlich,4,Ravenclaw
421300,Gold,Mastodon,gold.mastodon@hex.uni-hogwarts.com,männlich,2,Slytherin
421302,Magenta,Grouse,magenta.grouse@hex.uni-hogwarts.com,weiblich,5,Hufflepuff
421303,Scarlet,Otter,scarlet.otter@hex.uni-hogwarts.com,männlich,3,Ravenclaw
421304,Crimson,Puma,crimson.puma@hex.uni-hogwarts.com,weiblich,6,Gryffindor
421305,Pink,Penguin,pink.penguin@hex.uni-hogwarts.com,männlich,4,Gryffindor
421306,Brown,Roundworm,brown.roundworm@hex.uni-hogwarts.com,männlich,3,Ravenclaw
421307,Blue,Tuna,blue.tuna@hex.uni-hogwarts.com,weiblich,3,Slytherin
421308,Lavender,Albatross,lavender.albatross@hex.uni-hogwarts.com,männlich,7,Ravenclaw
421309,Maroon,Eagle,maroon.eagle@hex.uni-hogwarts.com,weiblich,3,Gryffindor
421310,Coffee,Snail,coffee.snail@hex.uni-hogwarts.com,männlich,3,Hufflepuff
421311,Gold,Tick,gold.tick@hex.uni-hogwarts.com,weiblich,4,Ravenclaw
421314,Sapphire,Shark,sapphire.shark@hex.uni-hogwarts.com,männlich,4,Gryffindor
421315,Blush,Dingo,blush.dingo@hex.uni-hogwarts.com,weiblich,4,Ravenclaw
421316,Jade,Sawfish,jade.sawfish@hex.uni-hogwarts.com,weiblich,2,Hufflepuff
421317,Silver,Vicuna,silver.vicuna@hex.uni-hogwarts.com,männlich,2,Gryffindor
421318,Yellow,Skunk,yellow.skunk@hex.uni-hogwarts.com,männlich,3,Ravenclaw
421320,Crimson,Grouse,crimson.grouse@hex.uni-hogwarts.com,männlich,3,Gryffindor
421321,Ivory,Parrot,ivory.parrot@hex.uni-hogwarts.com,männlich,2,Gryffindor
421323,Cyan,Wasp,cyan.wasp@hex.uni-hogwarts.com,männlich,7,Gryffindor
421325,Coffee,Pheasant,coffee.pheasant@hex.uni-hogwarts.com,männlich,5,Hufflepuff
421326,Gold,Fox,gold.fox@hex.uni-hogwarts.com,weiblich,3,Hufflepuff
421327,Tan,Duck,tan.duck@hex.uni-hogwarts.com,männlich,6,Hufflepuff
421328,Plum,Finch,plum.finch@hex.uni-hogwarts.com,männlich,6,Hufflepuff
421329,Sapphire,Ostrich,sapphire.ostrich@hex.uni-hogwarts.com,männlich,2,Hufflepuff
421330,Teal,Crow,teal.crow@hex.uni-hogwarts.com,männlich,4,Hufflepuff
421331,Peach,Fly,peach.fly@hex.uni-hogwarts.com,männlich,4,Hufflepuff
421332,Gray,Yak,gray.yak@hex.uni-hogwarts.com,männlich,6,Ravenclaw
421334,Bronze,Jay,bronze.jay@hex.uni-hogwarts.com,weiblich,2,Slytherin
421336,Black,Chimpanzee,black.chimpanzee@hex.uni-hogwarts.com,männlich,4,Hufflepuff
421337,Red,Mole,red.mole@hex.uni-hogwarts.com,weiblich,3,Slytherin
421338,Rose,Gopher,rose.gopher@hex.uni-hogwarts.com,männlich,6,Slytherin
421339,Gray,Spoonbill,gray.spoonbill@hex.uni-hogwarts.com,männlich,6,Ravenclaw
421340,Emerald,Swordfish,emerald.swordfish@hex.uni-hogwarts.com,männlich,3,Gryffindor
421341,Purple,Dragonfly,purple.dragonfly@hex.uni-hogwarts.com,männlich,3,Gryffindor
421342,Gray,Hare,gray.hare@hex.uni-hogwarts.com,weiblich,2,Slytherin
421343,Maroon,Reptile,maroon.reptile@hex.uni-hogwarts.com,weiblich,2,Gryffindor
421345,Amaranth,Sawfish,amaranth.sawfish@hex.uni-hogwarts.com,weiblich,2,Hufflepuff
421346,Jade,Louse,jade.louse@hex.uni-hogwarts.com,männlich,2,Gryffindor
421347,Bronze,Bobcat,bronze.bobcat@hex.uni-hogwarts.com,weiblich,4,Ravenclaw
421349,Magenta,Octopus,magenta.octopus@hex.uni-hogwarts.com,männlich,3,Hufflepuff
421350,Indigo,Damselfly,indigo.damselfly@hex.uni-hogwarts.com,männlich,5,Slytherin
421352,Violet,Bear,violet.bear@hex.uni-hogwarts.com,weiblich,2,Ravenclaw
421353,Chocolate,Guan,chocolate.guan@hex.uni-hogwarts.com,männlich,7,Gryffindor
421354,Lavender,Guineafowl,lavender.guineafowl@hex.uni-hogwarts.com,weiblich,2,Gryffindor
421355,Lime,Smelt,lime.smelt@hex.uni-hogwarts.com,männlich,7,Gryffindor
421356,Maroon,Wolverine,maroon.wolverine@hex.uni-hogwarts.com,männlich,4,Hufflepuff
421357,Peach,Hookworm,peach.hookworm@hex.uni-hogwarts.com,weiblich,2,Hufflepuff
421358,White,Heron,white.heron@hex.uni-hogwarts.com,weiblich,6,Gryffindor
421361,Rose,Cricket,rose.cricket@hex.uni-hogwarts.com,männlich,3,Ravenclaw
421362,Cyan,Grouse,cyan.grouse@hex.uni-hogwarts.com,männlich,6,Gryffindor
421363,Gray,Fly,gray.fly@hex.uni-hogwarts.com,männlich,4,Ravenclaw
421364,Jade,Moose,jade.moose@hex.uni-hogwarts.com,männlich,3,Hufflepuff
421365,Olive,Peacock,olive.peacock@hex.uni-hogwarts.com,männlich,4,Slytherin
421366,Fuchsia,Guan,fuchsia.guan@hex.uni-hogwarts.com,männlich,5,Gryffindor
421367,Fuchsia,Trout,fuchsia.trout@hex.uni-hogwarts.com,weiblich,6,Hufflepuff
421368,Green,Chipmunk,green.chipmunk@hex.uni-hogwarts.com,männlich,2,Hufflepuff
421369,Black,Gayal,black.gayal@hex.uni-hogwarts.com,männlich,5,Ravenclaw
421370,Tan,Sole,tan.sole@hex.uni-hogwarts.com,weiblich,3,Gryffindor
421371,Orange,Turtle,orange.turtle@hex.uni-hogwarts.com,männlich,5,Slytherin
421373,Sapphire,Planarian,sapphire.planarian@hex.uni-hogwarts.com,weiblich,3,Slytherin
421374,Magenta,Herring,magenta.herring@hex.uni-hogwarts.com,weiblich,4,Hufflepuff
421375,Orange,Viper,orange.viper@hex.uni-hogwarts.com,weiblich,3,Gryffindor
421376,Amber,Smelt,amber.smelt@hex.uni-hogwarts.com,weiblich,2,Slytherin
421380,Apricot,Bovid,apricot.bovid@hex.uni-hogwarts.com,männlich,2,Hufflepuff
421381,Fuchsia,Cardinal,fuchsia.cardinal@hex.uni-hogwarts.com,männlich,5,Hufflepuff
421383,Brown,Pheasant,brown.pheasant@hex.uni-hogwarts.com,männlich,5,Hufflepuff
421384,Coral,Bonobo,coral.bonobo@hex.uni-hogwarts.com,weiblich,4,Slytherin
421385,Sapphire,Porpoise,sapphire.porpoise@hex.uni-hogwarts.com,männlich,3,Ravenclaw
421387,Azure,Perch,azure.perch@hex.uni-hogwarts.com,männlich,5,Hufflepuff
421388,Aqua,Salmon,aqua.salmon@hex.uni-hogwarts.com,weiblich,3,Ravenclaw
421389,Orange,Capybara,orange.capybara@hex.uni-hogwarts.com,weiblich,5,Gryffindor
421390,Coral,Antelope,coral.antelope@hex.uni-hogwarts.com,weiblich,2,Hufflepuff
421391,Coffee,Slug,coffee.slug@hex.uni-hogwarts.com,weiblich,7,Hufflepuff
421392,White,Antlion,white.antlion@hex.uni-hogwarts.com,männlich,4,Ravenclaw
421393,Pink,Slug,pink.slug@hex.uni-hogwarts.com,weiblich,3,Gryffindor
421394,Emerald,Bass,emerald.bass@hex.uni-hogwarts.com,männlich,2,Gryffindor
421395,Lavender,Chameleon,lavender.chameleon@hex.uni-hogwarts.com,männlich,2,Gryffindor
421396,Maroon,Lark,maroon.lark@hex.uni-hogwarts.com,weiblich,5,Slytherin
421397,Brown,Guppy,brown.guppy@hex.uni-hogwarts.com,männlich,3,Gryffindor
421399,Magenta,Dragonfly,magenta.dragonfly@hex.uni-hogwarts.com,männlich,2,Ravenclaw
421400,Blue,Boa,blue.boa@hex.uni-hogwarts.com,weiblich,5,Ravenclaw
421401,Fuchsia,Wasp,fuchsia.wasp@hex.uni-hogwarts.com,männlich,2,Gryffindor
421402,Magenta,Narwhal,magenta.narwhal@hex.uni-hogwarts.com,männlich,3,Hufflepuff
421403,Scarlet,Marmot,scarlet.marmot@hex.uni-hogwarts.com,männlich,4,Gryffindor
421404,Gray,Gamefowl,gray.gamefowl@hex.uni-hogwarts.com,männlich,3,Hufflepuff
421405,Jade,Ocelot,jade.ocelot@hex.uni-hogwarts.com,männlich,2,Ravenclaw
421406,Crimson,Locust,crimson.locust@hex.uni-hogwarts.com,männlich,3,Ravenclaw
421407,Azure,Deer,azure.deer@hex.uni-hogwarts.com,männlich,6,Slytherin
421408,Crimson,Toucan,crimson.toucan@hex.uni-hogwarts.com,weiblich,4,Ravenclaw
421409,Green,Muskox,green.muskox@hex.uni-hogwarts.com,männlich,4,Hufflepuff
421410,Azure,Squirrel,azure.squirrel@hex.uni-hogwarts.com,männlich,2,Gryffindor
421411,Moccasin,Woodpecker,moccasin.woodpecker@hex.uni-hogwarts.com,männlich,6,Hufflepuff
421413,Tan,Felidae,tan.felidae@hex.uni-hogwarts.com,weiblich,2,Slytherin
421414,Maroon,Pike,maroon.pike@hex.uni-hogwarts.com,weiblich,7,Ravenclaw
421415,Fuchsia,Gamefowl,fuchsia.gamefowl@hex.uni-hogwarts.com,weiblich,2,Hufflepuff
421416,Scarlet,Butterfly,scarlet.butterfly@hex.uni-hogwarts.com,männlich,5,Ravenclaw
421417,Yellow,Vole,yellow.vole@hex.uni-hogwarts.com,männlich,6,Ravenclaw
421418,Magenta,Clownfish,magenta.clownfish@hex.uni-hogwarts.com,männlich,3,Hufflepuff
421419,Chocolate,Damselfly,chocolate.damselfly@hex.uni-hogwarts.com,männlich,6,Slytherin
421420,Bronze,Warbler,bronze.warbler@hex.uni-hogwarts.com,weiblich,3,Hufflepuff
421421,Emerald,Silverfish,emerald.silverfish@hex.uni-hogwarts.com,weiblich,4,Ravenclaw
421422,Olive,Cuckoo,olive.cuckoo@hex.uni-hogwarts.com,männlich,4,Hufflepuff
421423,Bronze,Louse,bronze.louse@hex.uni-hogwarts.com,männlich,3,Slytherin
421424,Azure,Termite,azure.termite@hex.uni-hogwarts.com,weiblich,4,Ravenclaw
421425,Harlequin,Panther,harlequin.panther@hex.uni-hogwarts.com,weiblich,2,Gryffindor
421426,Silver,Mink,silver.mink@hex.uni-hogwarts.com,männlich,4,Ravenclaw
421428,Coffee,Gull,coffee.gull@hex.uni-hogwarts.com,männlich,5,Slytherin
421429,Copper,Rattlesnake,copper.rattlesnake@hex.uni-hogwarts.com,männlich,2,Slytherin
421430,Yellow,Crocodile,yellow.crocodile@hex.uni-hogwarts.com,weiblich,5,Ravenclaw
421431,Blue,Buzzard,blue.buzzard@hex.uni-hogwarts.com,männlich,4,Ravenclaw
421432,Pink,Eel,pink.eel@hex.uni-hogwarts.com,männlich,3,Gryffindor
421434,Amber,Prawn,amber.prawn@hex.uni-hogwarts.com,männlich,7,Gryffindor
421435,Black,Leopon,black.leopon@hex.uni-hogwarts.com,männlich,4,Hufflepuff
421436,Peach,Scallop,peach.scallop@hex.uni-hogwarts.com,männlich,2,Slytherin
421437,Cyan,Iguana,cyan.iguana@hex.uni-hogwarts.com,männlich,3,Slytherin
421438,Amethyst,Bat,amethyst.bat@hex.uni-hogwarts.com,weiblich,5,Hufflepuff
421439,Scarlet,Bee,scarlet.bee@hex.uni-hogwarts.com,weiblich,6,Slytherin
421440,Amethyst,Duck,amethyst.duck@hex.uni-hogwarts.com,männlich,6,Hufflepuff
421441,Fuchsia,Sawfish,fuchsia.sawfish@hex.uni-hogwarts.com,weiblich,5,Ravenclaw
421442,Amber,Koi,amber.koi@hex.uni-hogwarts.com,weiblich,5,Slytherin
421444,Aqua,Viper,aqua.viper@hex.uni-hogwarts.com,weiblich,2,Ravenclaw
421445,Copper,Kite,copper.kite@hex.uni-hogwarts.com,männlich,5,Slytherin
421446,Lime,Ladybug,lime.ladybug@hex.uni-hogwarts.com,weiblich,2,Ravenclaw
421447,Tan,Blackbird,tan.blackbird@hex.uni-hogwarts.com,männlich,4,Ravenclaw
421448,Teal,Puma,teal.puma@hex.uni-hogwarts.com,männlich,5,Hufflepuff
421449,Coffee,Wombat,coffee.wombat@hex.uni-hogwarts.com,weiblich,2,Slytherin
421450,Scarlet,Gazelle,scarlet.gazelle@hex.uni-hogwarts.com,männlich,3,Ravenclaw
421451,Amaranth,Tern,amaranth.tern@hex.uni-hogwarts.com,weiblich,2,Gryffindor
421452,Red,Pony,red.pony@hex.uni-hogwarts.com,männlich,2,Slytherin
421453,Brown,Hyena,brown.hyena@hex.uni-hogwarts.com,weiblich,3,Ravenclaw
421455,Amaranth,Chipmunk,amaranth.chipmunk@hex.uni-hogwarts.com,männlich,5,Gryffindor
421456,Blush,Gorilla,blush.gorilla@hex.uni-hogwarts.com,weiblich,3,Gryffindor
421457,Olive,Wildfowl,olive.wildfowl@hex.uni-hogwarts.com,weiblich,7,Hufflepuff
421458,Fuchsia,Ladybug,fuchsia.ladybug@hex.uni-hogwarts.com,weiblich,2,Slytherin
421459,Harlequin,Perch,harlequin.perch@hex.uni-hogwarts.com,weiblich,3,Ravenclaw
421461,Green,Platypus,green.platypus@hex.uni-hogwarts.com,weiblich,5,Slytherin
421465,Gray,Dog,gray.dog@hex.uni-hogwarts.com,männlich,4,Gryffindor
421466,Fuchsia,Vulture,fuchsia.vulture@hex.uni-hogwarts.com,männlich,2,Hufflepuff
421467,Peach,Jaguar,peach.jaguar@hex.uni-hogwarts.com,männlich,3,Slytherin
421468,Jade,Seahorse,jade.seahorse@hex.uni-hogwarts.com,männlich,3,Gryffindor
421469,Blue,Turkey,blue.turkey@hex.uni-hogwarts.com,männlich,4,Slytherin
421470,Black,Snipe,black.snipe@hex.uni-hogwarts.com,weiblich,3,Ravenclaw
421471,Red,Constrictor,red.constrictor@hex.uni-hogwarts.com,weiblich,2,Hufflepuff
421472,Blush,Cougar,blush.cougar@hex.uni-hogwarts.com,männlich,6,Hufflepuff
421473,Apricot,Asp,apricot.asp@hex.uni-hogwarts.com,weiblich,4,Slytherin
421474,Copper,Mockingbird,copper.mockingbird@hex.uni-hogwarts.com,weiblich,4,Slytherin
421475,Crimson,Tiger,crimson.tiger@hex.uni-hogwarts.com,männlich,5,Gryffindor
421476,Azure,Bug,azure.bug@hex.uni-hogwarts.com,weiblich,4,Gryffindor
421478,Brown,Peacock,brown.peacock@hex.uni-hogwarts.com,weiblich,3,Gryffindor
421479,Aqua,Seahorse,aqua.seahorse@hex.uni-hogwarts.com,männlich,2,Hufflepuff
421480,Maroon,Carp,maroon.carp@hex.uni-hogwarts.com,männlich,4,Gryffindor
421482,Aqua,Herring,aqua.herring@hex.uni-hogwarts.com,männlich,6,Hufflepuff
421483,Gold,Elk,gold.elk@hex.uni-hogwarts.com,männlich,3,Gryffindor
421484,Lime,Tiger,lime.tiger@hex.uni-hogwarts.com,weiblich,2,Gryffindor
421485,Aquamarine,Roadrunner,aquamarine.roadrunner@hex.uni-hogwarts.com,weiblich,4,Gryffindor
421486,Plum,Lynx,plum.lynx@hex.uni-hogwarts.com,männlich,6,Hufflepuff
421487,Magenta,Bedbug,magenta.bedbug@hex.uni-hogwarts.com,männlich,2,Slytherin
421488,Ivory,Roundworm,ivory.roundworm@hex.uni-hogwarts.com,männlich,3,Hufflepuff
421489,Ivory,Dragon,ivory.dragon@hex.uni-hogwarts.com,männlich,6,Slytherin
421491,Turquoise,Anglerfish,turquoise.anglerfish@hex.uni-hogwarts.com,weiblich,4,Slytherin
421492,Jade,Earthworm,jade.earthworm@hex.uni-hogwarts.com,weiblich,4,Gryffindor
421493,Blush,Armadillo,blush.armadillo@hex.uni-hogwarts.com,männlich,3,Slytherin
421494,Amethyst,Catfish,amethyst.catfish@hex.uni-hogwarts.com,männlich,2,Ravenclaw
421495,Teal,Pheasant,teal.pheasant@hex.uni-hogwarts.com,männlich,5,Gryffindor
421496,Crimson,Hawk,crimson.hawk@hex.uni-hogwarts.com,männlich,4,Slytherin
421498,Indigo,Constrictor,indigo.constrictor@hex.uni-hogwarts.com,männlich,4,Hufflepuff
421499,Orange,Cougar,orange.cougar@hex.uni-hogwarts.com,männlich,3,Hufflepuff
